epoch,lr,train_total,train_data,train_cls,train_kcl,train_thermo,val_total,val_data,val_cls,val_kcl,val_thermo,val_mae,val_rmse,val_accuracy,val_f1
1,0.001,0.722880796712898,0.6309508091369032,0.18199455400888068,0.009259826684265268,6.72571877135108e-05,0.13643501016000906,0.07830159598961473,0.11606889218091965,0.0009829811150363335,6.688808775834332e-06,0.06491342,0.28226605,0.95492131234996,0.9602446483180429
2,0.000999938933078422,0.5253849203977055,0.46794705296166406,0.11313635007525882,0.008682166151430484,1.4755648396195327e-05,0.15194458129505317,0.09635610370896756,0.11103553076585133,0.0007049009815091267,2.245834602376817e-06,0.064610615,0.31338102,0.9599893304881302,0.9654696132596685
3,0.000999755747381037,0.36368522280487264,0.329400002648782,0.06591073100040429,0.013288498050567225,1.0023113505786401e-05,0.07396193395058313,0.05145307225175202,0.04488141754021247,0.0006814422192595278,8.607937285187717e-08,0.045166895,0.22903313,0.9826620432115231,0.9847525216983345
4,0.000999450488106175,0.30274479079610894,0.2725738475072014,0.057385157718982574,0.014780097613858916,3.5515098474722857e-06,0.042236984024445215,0.021705058116155366,0.040937305955837174,0.0006326114351395517,1.1722065167418805e-07,0.041676495,0.14829817,0.9863963723659642,0.9878888625029685
5,0.0009990232305719944,0.25066457883230525,0.22859560303308452,0.041097584904518224,0.01519959226966985,2.2533399648092568e-06,0.1350615721816818,0.1240560503055652,0.02191117877761523,0.000499010779215799,3.628186422706866e-07,0.06336934,0.3561483,0.9927980794878635,0.9936365778930003
6,0.0009984740801978983,0.17631827115020068,0.16171710792058794,0.027015786278095557,0.010926157465106025,6.548959138334019e-06,0.060016530992773674,0.04250280823325738,0.034949735497745375,0.00038847341832782455,7.923165870800848e-08,0.040871527,0.20831314,0.9845292077887436,0.9864485981308412
7,0.0009978031724785245,0.13060054221074946,0.11844867237938744,0.021103855835980852,0.01599672383711211,2.663551845702621e-06,0.08555482880522808,0.045012763949731985,0.08091918717448911,0.0008246504478544618,8.26939842083855e-08,0.07746917,0.21356793,0.9818618298212857,0.9841491841491842
8,0.000997010672950314,0.15431800069980814,0.14228291612757493,0.020910339345849616,0.01579096052395418,8.235182801053278e-06,0.054468486442541084,0.04903028845631828,0.01073827368672937,0.0006904520579458525,1.528385402775149e-07,0.04584186,0.22359343,0.995998933048813,0.9964614295824487
9,0.0009960967771506664,0.08651082563540306,0.07951639932886201,0.011691065043309554,0.011483851431471289,5.090153403201102e-06,0.03775210070113341,0.033592028582158186,0.008234272385016084,0.00042931252925579126,4.333331339682426e-08,0.040912084,0.18504868,0.9962656708455588,0.9966965549787636
10,0.0009950617105696957,0.1489717838877853,0.1403872805416421,0.013600006151262901,0.01784403023131984,9.751293385171396e-07,0.033247078272203606,0.029954518812398117,0.006508771947119385,0.0003816041120444424,1.3540215096965086e-07,0.045343526,0.17426275,0.9970658842357962,0.9973964497041421
11,0.0009939057285945929,0.1502584941654609,0.14475140793089258,0.008881135632319674,0.010661503348931208,3.7037193372458407e-06,0.0680599612959971,0.06126367801334709,0.013457697595003992,0.0006742472605158885,9.665979208798673e-08,0.05754726,0.24960636,0.9965324086423046,0.9969317913618125
12,0.0009926291164466126,0.08527488269618828,0.07944906752022922,0.008919084381973235,0.013661972587387737,7.547672179186813e-07,0.04229328896229466,0.03645067826534311,0.011618396698031575,0.0003341208942098698,3.963646697894656e-09,0.05083825,0.19286516,0.994665244065084,0.9952785646836639
13,0.0009912321891107005,0.1026589383445952,0.09370088155626109,0.014901994807428143,0.015069835424171693,7.56621083777294e-07,0.030891876190435142,0.02605986159760505,0.009567080884395788,0.00048470259353052827,3.8740556311071354e-08,0.03146276,0.16289085,0.9962656708455588,0.9966871746332229
14,0.0009897152912577737,0.0730616825388024,0.06540880548125337,0.011287367714052327,0.02009171169241856,2.3101335487328943e-07,0.017446967175540826,0.012661734867530564,0.009483936500813191,0.0004317184939282015,9.225758400864537e-07,0.037708893,0.11253197,0.9970658842357962,0.9973890339425587
15,0.0009880787971596797,0.0881528334724411,0.0822116271282519,0.007761812994271911,0.02060182616824155,1.195288570657321e-06,0.009854068331575642,0.008863488122976075,0.001903604102456787,0.00038778051505990635,2.949866882937894e-09,0.0310785,0.09428915,0.9991997866097626,0.9992902767920511
16,0.0009863231105968495,0.08551198175265352,0.08158418503725888,0.004892932474366763,0.014813174907650023,1.3395766270281477e-07,0.018137932561027508,0.014803669912119706,0.006615930651120531,0.0002629709325750203,2.1797609967011412e-10,0.036152273,0.122504,0.9975993598292878,0.9978647686832741
17,0.000984448664758672,0.06335924482771814,0.05438864898755739,0.010157299579489113,0.03891790801502873,1.559917641975225e-06,0.025247220353533825,0.011688560682038466,0.027076813417079394,0.00020249937078915537,3.3213598597687875e-08,0.040405374,0.108803116,0.9903974393171513,0.9915333960489181
18,0.0009824559221366096,0.10611950403698006,0.10196529248861909,0.004967108458734328,0.01670656651156499,8.844451223047536e-09,0.01618918644574781,0.014140533143654465,0.004018019880459178,0.0003964330673625227,9.531244364359888e-10,0.036050107,0.11964842,0.9989330488130168,0.9990539262062441
19,0.0009803453744100864,0.0626312648710951,0.0587703479542295,0.0039137198139801216,0.019040546322413074,1.8055248730454772e-08,0.026799369067884982,0.025712572573684155,0.0021400326482156136,0.00016776986255232865,2.3308918949309652e-08,0.03906161,0.16148901,0.9989330488130168,0.9990534784666352
20,0.0009781175423251728,0.06547760898179382,0.05906976745497897,0.00945850401984215,0.016785846813241984,4.1149083524417106e-08,0.012217519141267985,0.009072697771868359,0.006134203701609901,0.0007771879861441751,5.961197398351094e-09,0.028106282,0.095292985,0.9970658842357962,0.9974025974025974
21,0.0009757729755661004,0.06596009774867745,0.06184592975276339,0.0034444794961868233,0.023918834669569875,4.490235843934029e-07,0.01613591278049474,0.014466387037343036,0.003285984397128535,0.0002653406639486396,6.664108622205367e-11,0.02913873,0.12109921,0.9991997866097626,0.9992896045465308
22,0.0009733122526196342,0.06836192185113574,0.06455853143638939,0.004172276840188343,0.017172501070404095,2.2847071161939913e-08,0.03708313882040481,0.0355679590604268,0.002966677972775263,0.00031840294468565844,5.911907158304315e-10,0.040068425,0.19052817,0.9983995732195252,0.9985795454545454
23,0.000970735980632341,0.053242897949636964,0.04777472900620995,0.00723070939516319,0.018528056143822122,8.454643135110208e-08,0.00910669076256454,0.006304338465755185,0.005558104674370649,0.00023300010216189548,1.4607095811263918e-11,0.029717814,0.07980473,0.9981328354227794,0.998341625207297
24,0.0009680447952607838,0.044471485966843735,0.04052318840960625,0.003760110112616663,0.020682317873524217,1.0331677864047073e-07,0.008637768814029794,0.007122222574738165,0.0029769744074049716,0.00027059053269719394,5.9749269699211035e-12,0.032418355,0.08481268,0.998666311016271,0.9988165680473372
25,0.0009652393605146839,0.05866789552094211,0.05525175414479807,0.002535957981414675,0.02148084454794999,7.737987636289521e-07,0.02493890788561354,0.02255442173530658,0.0047411930216185285,0.0001388960732583655,7.257244646256503e-11,0.041139804,0.15098237,0.9983995732195252,0.9985775248933144
26,0.0009623203685930864,0.04686608354231329,0.0391062157242185,0.010909682032951735,0.02305026027802242,2.7223375175993536e-09,0.013565344299422577,0.011234592240847026,0.004578621200926137,0.0004144146446681892,8.758562773280012e-13,0.02418593,0.1066885,0.9975993598292878,0.9978728432994564
27,0.00095928853971357,0.06443981670546788,0.06029543062726403,0.0037694600269276594,0.022596556235089504,1.5785617448497007e-09,0.019717311897935966,0.013988458004314452,0.011404935511867128,0.0002638083630396674,5.5962332727264085e-08,0.03243025,0.119176075,0.994665244065084,0.9952852428099954
28,0.0009561446219345448,0.07845778096837747,0.07149314662665944,0.007071096376587304,0.03429086640499274,7.929674877710505e-10,0.015237605210859328,0.013642853401446093,0.0031357228940275188,0.0002689063049425992,2.418652033928796e-12,0.033334784,0.11764932,0.9994665244065084,0.9995262908574135
29,0.0009528893909706791,0.047137745616984736,0.04251820755524248,0.004514897399338517,0.023620885313976298,4.967392334852195e-09,0.05221141885655622,0.050385643650467195,0.003624146801303141,0.00013702161037751164,5.802038395862997e-13,0.04843143,0.22672698,0.9981328354227794,0.9983447623551668
30,0.0009495236500015041,0.07461222918809521,0.07108300482602722,0.002292317356955707,0.023830652580661086,6.5800224515748135e-09,0.005767309890749554,0.005203807200693215,0.0010664731854679607,0.0003026590180525091,1.969997672265942e-09,0.024257593,0.072291724,0.9997332622032542,0.9997632015155103
31,0.0009460482294732414,0.054373289732921895,0.050612938722058534,0.0033622638002801923,0.02079215436157546,2.2505466908221997e-08,0.012879382558943083,0.01237718901829794,0.0009599721253228684,0.00022207227326968373,2.7095198583323735e-12,0.027498933,0.112088375,1.0,1.0
32,0.0009424639868939027,0.06535947251211797,0.0614231665802263,0.004807518964763357,0.015325467018317092,6.905529658577249e-10,0.018436227459460497,0.015739271867399415,0.005327296429216707,0.00033307562068027134,9.263415537739514e-11,0.029496208,0.12649782,0.9970658842357962,0.9974013701866289
33,0.0009387718066217117,0.09075153698247389,0.08548996605686028,0.004997955294069749,0.027625943925809523,3.7131433634554157e-10,0.020679364229242006,0.013084035591843228,0.015146714820002672,0.00021971441274217795,6.130143942258873e-13,0.04457768,0.11518153,0.9938650306748467,0.9945844125264893
34,0.000934972599646904,0.04233669853653677,0.03910750120259604,0.0034000209782185055,0.01529186814309635,1.3611204283768791e-09,0.016066455526743083,0.015377313158630083,0.0013384159752604318,0.0001993465595054052,1.2085676325453618e-10,0.028063111,0.12517974,0.9994665244065084,0.9995267392333176
35,0.0009310673033669515,0.09205627819713559,0.0874670827272688,0.0049000186741035125,0.021391849510242523,3.0884447694435995e-11,0.03373659250016014,0.03326143311181416,0.0009153929495369084,0.00017462669687423233,1.6742277571234922e-11,0.04016179,0.18425705,1.0,1.0
36,0.0009270568813552751,0.03451809916308789,0.031159389606442465,0.004187521166930801,0.012649437976639078,5.134338226440955e-08,0.03429774209313716,0.024945020705733137,0.01867147248024897,0.00016984920621325726,4.549470692894683e-30,0.028651232,0.15967326,0.9935982928781009,0.9942857142857142
37,0.0009229423231234969,0.052993106490925604,0.046460057866256545,0.007941315492989418,0.025623909906861475,3.7036462489648784e-09,0.017467992395783463,0.011932594364043324,0.010934833125793375,0.0006798134022877396,6.2597746657930876e-12,0.025206046,0.1092754,0.9965324086423046,0.9969157769869512
38,0.0009187246438772933,0.052220853143303665,0.0480852637900529,0.0033263023146602364,0.024724386304440182,1.1754270939362873e-10,0.019602517624540874,0.017049501863463472,0.005072578180261189,0.00016726789035601542,1.037620864153354e-20,0.027135178,0.1315277,0.9981328354227794,0.9983424106085721
39,0.0009144048842659075,0.03651446245022689,0.033239099671248426,0.0032411545924957074,0.016547860534152994,1.1026377507372347e-10,0.01238000433659181,0.010083984005420158,0.004435921165228744,0.0007805965735921442,5.694325757330388e-18,0.030655269,0.100361034,0.9983995732195252,0.9985815602836879
40,0.0009099841101253861,0.06546311532011269,0.060389263902953995,0.005557800379458961,0.022949497513710962,2.782906133799092e-09,0.014590972514512638,0.013650319057827194,0.001831124540452341,0.0002509130797382871,4.87902754696813e-11,0.03150811,0.11701895,0.9989330488130168,0.9990534784666352
41,0.0009054634122155986,0.04248785151994658,0.03932201611574902,0.0032158953348379905,0.01557887624673049,5.10727664563201e-11,0.016048896722107506,0.009766606707125902,0.012527953865052647,0.0001831305715313647,2.202770662633006e-13,0.037699513,0.09969078,0.9951987196585756,0.9957567185289957
42,0.0009008439059511095,0.055483973461855886,0.050865199736380665,0.0036502277034476745,0.02793659989587813,1.5928139400039855e-10,0.015673328974905112,0.011694175911058362,0.007925224666541908,0.0001654052426601993,1.4176494755441835e-09,0.023676785,0.10917926,0.9983995732195252,0.9985808893093662
43,0.0008961267311259662,0.03381788279873108,0.0306190820933442,0.0031178987904034988,0.016398510919462372,3.1615139040145484e-09,0.01626271802621583,0.012207175046205521,0.008073752989791199,0.00018666308339258345,3.7091472787216977e-16,0.031003537,0.11111471,0.9970658842357962,0.9974025974025974
44,0.0008913130516324728,0.045997532755884266,0.04354261979248279,0.0021482108339140903,0.013808074589125323,1.1756389126843485e-09,0.01584206031790624,0.015670403038772443,0.00031074531107151416,0.00016284625392775826,3.643284938532612e-21,0.033264,0.12549326,1.0,1.0
45,0.0008864040551740152,0.04275993731579859,0.038908253147701875,0.0021647131419421962,0.02769314306856126,1.2582627761691983e-07,0.019866897289951644,0.01759722170342381,0.004503557507147585,0.00017896630167039498,0.0,0.031696968,0.1338496,0.9989330488130168,0.9990521327014218
46,0.000881400952972015,0.05848911283180852,0.054198523999504526,0.005948237993097592,0.013163103250851243,1.600224223306837e-06,0.010373993947481116,0.009158862615004182,0.002373596893933912,0.00028332979321324576,4.913034321279812e-13,0.026329055,0.09606211,0.9989330488130168,0.9990530303030303
47,0.0008763049794670771,0.05153862793035941,0.04857913281319894,0.0021520539218335528,0.01883466922984812,1.931078322455014e-08,0.022499047704817105,0.021235208224970846,0.002451981461672403,0.00037848837115840676,1.2595187746933245e-09,0.031411614,0.14707103,0.9991997866097626,0.9992892679459844
48,0.0008711173920144113,0.05240779071171041,0.04927386350829467,0.0032109251350428258,0.01528461487945951,3.469945740382465e-08,0.010166919324547052,0.0063881045440211896,0.007494440864684293,0.0003159426029014867,2.4811497302142803e-11,0.029853856,0.079531625,0.998666311016271,0.9988176873965476
49,0.0008658394705735983,0.0589962416280904,0.0549041615088681,0.004091933524662231,0.02046113161720254,7.236224747923144e-09,0.009056677290936932,0.008482623214755828,0.0010817979331477546,0.00033155205710500013,1.7339328326104193e-11,0.023587802,0.092172764,0.9994665244065084,0.9995262908574135
50,0.0008604725173927781,0.035826926450177106,0.032613469385474,0.0021712652873194754,0.02127824239109908,3.5163810660294107e-10,0.030815938922266164,0.015260701321919139,0.031065730887348764,0.00022372404406875528,6.07923678989591e-10,0.027784407,0.12469423,0.9901307015204054,0.9913165923492138
51,0.0008550178566873405,0.035113380978862845,0.03189782009810128,0.0026977837682564836,0.01866669025859306,1.327692908785999e-09,0.01800662065312887,0.017707628436619417,0.0005669889719987016,0.0001549766021829176,9.85380107949389e-13,0.0317183,0.134437,1.0,1.0
52,0.0008494768343131951,0.034192973959436435,0.030505698888450453,0.0018829777121950064,0.027457855681355118,9.23886614881935e-10,0.017549140109137322,0.01322175944224,0.008620770292812571,0.00016995644103493153,2.9685408058054995e-12,0.02053855,0.11612713,0.997332622032542,0.9976381672177609
53,0.0008438508174347005,0.04945224451145878,0.04633636727001192,0.003065807760607521,0.015829742274626947,6.646833064395732e-11,0.03551122338200609,0.03418054153056194,0.00263265668436361,0.00014354310696944593,9.725513772230124e-14,0.047276955,0.18684906,0.9994665244065084,0.9995262908574135
54,0.0008381411941873374,0.04006972114460366,0.03692773444090297,0.003665106838113793,0.01309433539719219,3.404430705153539e-11,0.014648845636596282,0.0076362772670108825,0.013989407868939452,0.00017864407260882823,7.058411558939308e-10,0.026988877,0.087915145,0.9962656708455588,0.9966745843230403
55,0.0008323493733352073,0.045697251155489824,0.04156945593974614,0.00355165892353504,0.02351924981915538,4.138982930988989e-07,0.010339682642370462,0.00968914240753899,0.0012664160516578705,0.00017332369776947113,1.6264221552042863e-12,0.026712194,0.09896145,0.9991997866097626,0.9992899408284024
56,0.0008264767839234405,0.05207770001559593,0.04900578850112094,0.002725514049887577,0.01709149420570691,4.655907423001172e-08,0.015590776755319287,0.01529864741411681,0.0005604098225982549,0.00011924471521827703,3.7212896184120845e-11,0.025937274,0.12491004,1.0,1.0
57,0.000820524874925601,0.05892418900990763,0.055992137880768136,0.0015587067052239322,0.02152696406523133,6.4218657896310385e-09,0.005824255076004192,0.005705794432045271,0.00017308981626532234,0.00031915701232113254,0.0,0.023662213,0.07532048,1.0,1.0
58,0.0008144951148861737,0.041204586430507145,0.0386222217543846,0.00019788902211513915,0.024834200531778768,1.5489340737376887e-09,0.013859302587419128,0.013799646298866718,9.599113762609098e-05,0.00011660721017202983,2.754600270970204e-14,0.024174403,0.11861056,1.0,1.0
59,0.0008083889915582231,0.027241106569957343,0.02404778017016658,0.0023559832458162765,0.020153200517265792,1.4999845064641056e-07,0.007389281505796438,0.007147719949716702,0.0004528453891907702,0.00015138808472935731,2.596884217087389e-14,0.025396086,0.08522692,1.0,1.0
60,0.0008022080115363123,0.04402616417569102,0.04028577546514299,0.0032681056841648987,0.021063347107876964,1.3584703125884226e-09,0.010767267737537622,0.008857420725204672,0.0037957881428155814,0.00011953008518806503,1.0177104309746129e-10,0.026931219,0.09459707,0.9991997866097626,0.9992902767920511
61,0.0007959536998847739,0.03294500367406647,0.0286514416267334,0.005248853958513075,0.01669134509946852,6.095246255510331e-09,0.009181172140718749,0.007698882390589763,0.002915047306548028,0.00024766064646731444,1.863959835838663e-10,0.021512697,0.08807489,0.9983995732195252,0.9985815602836879
62,0.0007896275997614226,0.04464758925877484,0.04061958888723229,0.0030485645686888076,0.025037176871798034,7.038707799380778e-10,0.020491886878153308,0.020105226172987992,0.0007404071436515854,0.00016457610287640517,5.385283293709305e-10,0.026947198,0.14333203,1.0,1.0
63,0.0007832312720368044,0.021341226970348643,0.019617951312782173,0.0006033300422025797,0.014216109451304196,1.2640173097949297e-10,0.008005617844173685,0.007525772731363152,0.0009329346487296183,0.00013377866744122003,1.814839549257527e-12,0.020198949,0.087540574,0.9994665244065084,0.9995267392333176
64,0.0007767662949090749,0.038227116882828246,0.03546140077787309,0.0016579359220101327,0.01936748126002511,3.498775571390111e-09,0.017839874175842853,0.015124277153518051,0.005389590380506585,0.00020801808932446875,1.531719786192672e-09,0.03354075,0.124138765,0.9989330488130168,0.9990539262062441
65,0.000770234263514603,0.03083453074532704,0.025272529517014912,0.004579887518393264,0.03272057694457743,6.107587302752575e-10,0.007064345969896143,0.006773031504902368,0.000564602352581763,9.01314305641184e-05,2.349941152779422e-09,0.023568923,0.08300122,1.0,1.0
66,0.0007636367895343944,0.03890033987185911,0.03612249674331601,0.0012285861289953977,0.021635504522748344,5.807704289212029e-10,0.007595668147162845,0.007468844288572048,0.0002277256221229133,0.00012954172962054145,6.986801052736423e-08,0.024315916,0.086961515,1.0,1.0
67,0.0007569755007964335,0.04492805409627579,0.04292630255485742,0.0007349903093412264,0.016341555372040285,1.000479004747612e-06,0.00690411949569049,0.006627527647651732,0.0005195700624123371,0.0001680668483459158,9.782720180225487e-10,0.019586993,0.08188077,0.9997332622032542,0.9997632015155103
68,0.0007502520408740415,0.04553715271423197,0.0417483033473012,0.0011975919277156342,0.031898980265369394,1.559064492980595e-06,0.007821516903156104,0.006962922122329474,0.0016929750093519639,0.00012107392327986115,1.8690285367420357e-41,0.019289792,0.08416709,0.9989330488130168,0.9990539262062441
69,0.0007434680686803488,0.039435037099042516,0.035818529030627634,0.0028973071374203906,0.021678548152422546,7.778133504253714e-10,0.010786458754834409,0.008102400255544732,0.005332993952106335,0.00017561521587291888,2.57751967434449e-10,0.021080475,0.090624884,0.9989330488130168,0.9990521327014218
70,0.0007366252580589837,0.029483024191526003,0.026338929053180152,0.0010932522117446837,0.025974696522483427,6.455510308240615e-10,0.008427666347900716,0.008090022200485691,0.0006432902746382752,0.00015998929023529248,9.707238342675075e-15,0.02395655,0.090764664,0.9997332622032542,0.9997632015155103
71,0.0007297252973710754,0.03207678284817273,0.027489267697092146,0.005188026255548249,0.019934998792477197,2.0485531310968627e-08,0.018752319255145266,0.017857525024252634,0.0017697778411578232,9.90532869764138e-05,7.640153548691408e-17,0.028190553,0.13504589,0.9994665244065084,0.9995267392333176
72,0.0007227698890786777,0.02967836272377643,0.027522766211471202,0.0007019126998757931,0.01804639884618274,2.351410097635208e-09,0.007386960703297518,0.006350370511063375,0.0020456772619581896,0.00013751683763985056,2.878779166619358e-11,0.01961364,0.080313936,0.9994665244065084,0.9995262908574135
73,0.0007157607493247108,0.03742158801437621,0.0351447098562154,0.0010023605236246158,0.01775697493236546,1.1379976879422321e-09,0.008871002400216337,0.008780104986120326,0.00015132661934937156,0.00015234228061065854,1.4599580151816394e-10,0.022990402,0.094571576,1.0,1.0
74,0.0007086996075095287,0.02310976870553432,0.021338702354539375,0.0008645840265087522,0.013387625707724695,1.1900108742938831e-07,0.012930111515258129,0.008315866023379689,0.009191641789948335,0.00018424513339899325,2.7300557438791e-11,0.021488503,0.092004,0.9978660976260336,0.9981024667931689
75,0.0007015882058642161,0.03107595402682812,0.028748928381038326,0.0018935783224602665,0.013800223049942242,2.1402085379453817e-06,0.005538087413879111,0.005477306145864228,9.15982921772714e-05,0.00014982266814816587,1.4212472760149254e-10,0.01722509,0.07447789,1.0,1.0
76,0.0006944282990207193,0.04349514839781557,0.03999489085769185,0.0025270099475855315,0.0223675237330829,6.132521490151662e-10,0.008982296105629454,0.008786031535904234,0.0003677553253510268,0.0001238674694832298,1.6916996490169527e-11,0.02135008,0.09432917,1.0,1.0
77,0.0006872216535789155,0.02509947860423122,0.02315408863249595,0.0013704211059964117,0.012601424782727267,3.6679333534215466e-07,0.009466046250114839,0.00899019745993428,0.000928692606188027,0.0001150127357201806,1.017665523664682e-08,0.022715079,0.095616125,0.9994665244065084,0.9995262908574135
78,0.0006799700476707321,0.025900373542953256,0.02243280057696775,0.0020391706109836563,0.02447837017677099,1.5060828569804704e-06,0.021289551424949118,0.021037357059928277,0.00048423638008898706,0.0001007616262237813,2.68312420733991e-12,0.028547198,0.14643307,1.0,1.0
79,0.0006726752705214191,0.029814597390027866,0.026970323072372508,0.0016980846451515124,0.01995227768988328,4.808667177689731e-08,0.011834736975530783,0.011377225315663963,0.0008957560385776257,9.633646847457082e-05,8.644774060368824e-12,0.028531611,0.10773752,0.9997332622032542,0.9997632015155103
80,0.0006653391220080838,0.016730744317751785,0.015349275257904083,0.0006778858691589044,0.010425232348701897,2.7214131984317625e-08,0.01291744081924359,0.008614169720870753,0.008588574702722932,8.98383720292865e-05,8.766817554217216e-12,0.026132833,0.093555145,0.9970658842357962,0.9973890339425587
81,0.0006579634122155988,0.04179259685478275,0.03835974970405894,0.0017588635409262752,0.02553415437862889,8.752729911185399e-10,0.009117353170101221,0.008455011780218532,0.0013079102802900403,8.386211466131499e-05,3.548162388899989e-10,0.021921584,0.09278193,0.9994665244065084,0.9995267392333176
82,0.0006505499609899903,0.02930124585022198,0.026218020783764492,0.0027638472088554835,0.017012991658437414,1.687464639634362e-08,0.0038490534207085148,0.00371492523214935,0.00023674249575075617,0.0001575682414113544,1.3752219254589284e-09,0.01781095,0.06130575,1.0,1.0
83,0.0006431005974894184,0.024271396977017995,0.022292536602229778,0.0005573694802578292,0.01700175575568701,3.2736193355350317e-09,0.0065406135943097375,0.005327950740077843,0.0023981775951445647,0.00013573910988876983,2.0269023665828473e-15,0.02285421,0.0730416,0.9994665244065084,0.9995262908574135
84,0.0006356171597328593,0.02284884912957757,0.02097322268328242,0.00040739375751805033,0.016719295087960433,1.7030775507365853e-10,0.010962244803279949,0.010166457698990902,0.0015688841817639817,0.00011344877166266087,1.3457942061578517e-13,0.019998118,0.10181303,0.9994665244065084,0.9995262908574135
85,0.0006281014941466028,0.01643948780073628,0.014536159108800772,0.0011650121245390045,0.013208226794054066,9.032236686920849e-10,0.0058832400114624765,0.005372647688394257,0.0009859956506261369,0.00017594481978449038,2.142622217974704e-17,0.01730656,0.07385156,0.9994665244065084,0.9995267392333176
86,0.000620555455108673,0.03684231280527642,0.03398091295847914,0.002350373457560981,0.016862123786135285,5.5189731351092065e-09,0.005435125124252712,0.005265668926100867,0.00031022585391535056,0.00014343322054628517,4.245067248657984e-14,0.0176418,0.07305392,1.0,1.0
87,0.0006129809044912885,0.03009902286032269,0.027967467891344678,0.000608099342989457,0.018275033432759182,2.054790430236116e-08,0.009175704415732374,0.009031560504809022,0.0002733061774051748,7.490715731061452e-05,2.740568745248683e-14,0.026478225,0.096005656,1.0,1.0
88,0.0006053797112014735,0.02166466865676666,0.020236435044220357,0.00011793712979374007,0.013692648042958692,3.785062974536261e-09,0.005155813602323178,0.005087146926477241,0.0001094663703952392,0.00013933431224965413,9.160497969620933e-12,0.018876843,0.071891904,1.0,1.0
89,0.0005977537507199336,0.016754187733601152,0.015025102643442279,0.00024671277396321844,0.016057284046890705,3.1924970775906654e-09,0.004730098481134822,0.004392744167125784,0.0006529264021385946,0.00010891163280272546,1.2052176849112566e-11,0.018023577,0.066792205,0.9997332622032542,0.9997632015155103
90,0.0005901049046383074,0.029212856276069572,0.026552529776567444,0.002192504973965803,0.015640741101139815,1.7412724182090084e-10,0.004938677641136261,0.004104697814909741,0.0016470547975738251,0.00010452409490729527,1.2537882256323837e-13,0.016461464,0.0644588,0.9994665244065084,0.9995262908574135
91,0.0005824350601949141,0.026778846998685414,0.024610553519293855,0.0004586942347161617,0.01938946436675109,3.5331741740143967e-10,0.0047986367154711235,0.0035744439073217412,0.0024148142353700073,0.0001678565605895225,5.095527084198427e-14,0.021633357,0.059988573,0.9994665244065084,0.9995262908574135
92,0.0005747461098091033,0.025715129359040655,0.024078483420532933,0.0005821967424907578,0.013455477535527498,4.680712192887593e-10,0.008462830795906484,0.008430717815645038,3.793659281351817e-05,0.0001314471356939369,1.5992930802393085e-17,0.024157064,0.092579864,1.0,1.0
93,0.0005670399506143305,0.030797155932982174,0.025992975697298637,0.0025992503769154685,0.03504554964652978,1.3414010707423137e-09,0.006195144267985597,0.0060652908073583,0.00023708270521941206,0.00011312069849130542,2.3749774181435386e-11,0.0150917685,0.07859258,1.0,1.0
94,0.0005593184839900673,0.02741566945137592,0.025086811426296204,0.00079900660814789,0.019293543591204842,3.4617984739620287e-09,0.013556833266435812,0.012632079222627605,0.0018358316364659307,6.838300644934255e-05,3.5421702469321895e-10,0.02147562,0.113604,0.9989330488130168,0.9990521327014218
95,0.0005515836150926644,0.021559319738468603,0.018786934496500075,0.0010269375565005818,0.022589146821117234,1.4764485031310098e-08,0.003556410529805968,0.003498909688399484,7.356700372914322e-05,0.00020717310035252013,2.240673150855655e-12,0.017240886,0.05937844,1.0,1.0
96,0.0005438372523852832,0.02874404269616446,0.026858091232006567,8.906693835548392e-05,0.018411168988571456,3.010181785374255e-06,0.007246767056252186,0.006990886273949097,0.00047872592036431644,0.00016517830420828734,1.3463414049035906e-12,0.019797742,0.084231734,0.9997332622032542,0.9997632015155103
97,0.00053608130716701,0.017530730135448237,0.015310854778283473,0.0004074479647167282,0.020161507855573954,6.435200746156088e-09,0.01187492103878564,0.01183788997392791,4.893305829227757e-05,0.00012564435085854104,4.699636706316553e-13,0.021094069,0.109898254,1.0,1.0
98,0.0005283176931012729,0.023884669067355105,0.0217232196583297,0.00023368773977016226,0.020446056511973704,4.857462608566217e-10,0.00559547442147353,0.00557492241593233,2.213189250899935e-05,9.486217059020418e-05,3.572013188586962e-25,0.017199581,0.0752749,1.0,1.0
99,0.0005205483257436734,0.0245239688346951,0.022319549733320808,0.0003065895113723211,0.020511241428967035,2.4720996823371637e-10,0.005727211060972574,0.005705745549251636,1.941916612698454e-05,0.00011756032866590733,5.124922766256794e-12,0.017269298,0.07613322,1.0,1.0
100,0.0005127751220693511,0.02794302468074241,0.025760369074962573,0.00023628789197566857,0.020645116084088727,2.2169503652892195e-10,0.005994063051184639,0.005877626313789127,0.00021629083018221234,8.291382716076138e-05,6.165368940436911e-18,0.016095418,0.07736099,1.0,1.0
101,0.0005049999999999998,0.022121606937636804,0.019922846031331043,0.001011899373550172,0.016928118472386927,9.068423663602759e-11,0.002967615847592242,0.00293902679598735,3.832439114527612e-05,9.426836483423055e-05,9.450120360541813e-11,0.015321715,0.0543807,1.0,1.0
102,0.0004972248779306486,0.02225113431515213,0.020194138975960143,0.00011368017862380434,0.02000155223594693,1.0150950752313144e-10,0.0058170913311187174,0.005796455022452089,1.2533546873783053e-05,0.00014369600139616523,5.435094282286369e-19,0.017014397,0.07677006,1.0,1.0
103,0.0004894516742563262,0.028339712206702544,0.02408005609338505,0.00019113288538451974,0.04164088860172847,2.9307170636945075e-10,0.0047141602340464795,0.004662314711216216,4.1949275729772735e-05,0.00030870938092751506,4.987667550868922e-12,0.01581139,0.06842919,1.0,1.0
104,0.00048168230689872663,0.024617660156345797,0.02180575793880942,0.0014385546823190997,0.02092622801042026,2.2672420239104088e-08,0.011102532165629479,0.007838753488613293,0.006507685516574687,9.935881789715494e-05,2.887040249372715e-15,0.016633658,0.089330174,0.9981328354227794,0.998340052169789
105,0.0004739186928329896,0.022391334723725398,0.02037941029568944,0.0008885358196009432,0.015676563648578376,2.1419183774515453e-12,0.011685467082619047,0.011642537723916272,7.024575814587783e-05,7.806418137382329e-05,3.3667071704228126e-13,0.02700509,0.10899324,1.0,1.0
106,0.00046616274761471655,0.012941529943325631,0.011079927662729088,8.375585626828421e-05,0.01819724280172177,1.0254333871987648e-10,0.02126145162813676,0.021234858668564508,2.5511956149178635e-05,0.00013836512128667284,3.903206668195557e-12,0.02367279,0.14732403,1.0,1.0
107,0.0004584163849073352,0.01743503636765518,0.016112672422509505,0.00043796986412324087,0.011033789444006096,3.203190813869156e-10,0.003250737330138994,0.003220444066876856,2.779710568271791e-05,0.0001639472637483171,2.4724274994031545e-11,0.018652087,0.05645362,1.0,1.0
108,0.0004506815160099324,0.016343689074970944,0.014044521977261634,0.0013243400890663854,0.016369960624316747,9.793576093283161e-09,0.003005128519725986,0.002973944352318843,3.6422632532170004e-05,0.0001297284337245704,0.0,0.0150331305,0.054749772,1.0,1.0
109,0.0004429600493856693,0.017013635159211817,0.01559480024526324,0.00015582512030189977,0.01340762079743512,1.6019912861289517e-06,0.005588599008236391,0.00555320320224079,4.0520131021063815e-05,0.00015135778545906456,4.033621407081393e-11,0.017250739,0.07486466,1.0,1.0
110,0.00043525389019089656,0.02897203281941572,0.026067615986332622,7.840336334050792e-05,0.028652143862649092,3.0588061989907455e-09,0.0029684404357491682,0.0029372980105108583,3.190148369564364e-05,0.00015191700531431708,1.1590973497404241e-32,0.013754335,0.05438746,1.0,1.0
111,0.0004275649398050856,0.016653625970539793,0.015391875447171747,0.0001454008236737702,0.011890503613789818,7.052779636174682e-13,0.00860687748742445,0.008554419668507762,9.225224900243726e-05,6.331662116281223e-05,1.8622320455746887e-25,0.016740344,0.09348435,1.0,1.0
112,0.0004198950953616921,0.01467172667701953,0.01235001729580363,0.0016044755968496049,0.015194677408737043,3.767384574502359e-08,0.012243339147729179,0.010813379342046877,0.002848753027440883,5.5832022553659044e-05,1.773253545308114e-21,0.030604364,0.10499081,0.9994665244065084,0.9995267392333176
113,0.0004122462492800662,0.01698504487837726,0.015270571404537798,0.0007743631346658106,0.013272915263218384,7.946203895299797e-15,0.008552110641418646,0.008205919992178679,0.0006761530506688966,8.114208606760561e-05,1.456732647344629e-20,0.017429765,0.09131064,0.9997332622032542,0.9997633136094675
114,0.0004046202887985263,0.01567391345420186,0.01379025558495799,0.0002572347958136501,0.017550406101445266,1.5609934545923686e-10,0.010713595834871133,0.010677922544709872,5.923943551048675e-05,6.053650498264081e-05,1.5704244829822045e-14,0.016668143,0.10449097,1.0,1.0
115,0.0003970190955087115,0.02053388595019372,0.017632777423871492,8.066880962586015e-05,0.028607740372217118,2.0319417931031807e-09,0.00689916422998067,0.006764433593101179,0.0002529511410254296,8.255165970088759e-05,6.59689492771794e-13,0.017118163,0.08308092,0.9997332622032542,0.9997633136094675
116,0.0003894445448913267,0.019031050998460922,0.017149935182894368,0.00031840730666539934,0.01721912062723516,2.0988090531301642e-10,0.008563113998388872,0.007583603347302415,0.001938986075538196,0.00010017820810996152,7.83999160080059e-12,0.019706117,0.08788913,0.9994665244065084,0.9995267392333176
117,0.00038189850585339675,0.01788199884582474,0.015520080103603512,0.000397590267434713,0.021631236556266524,1.726444259970139e-09,0.003863702622281077,0.0038524805209211384,1.2946444470192848e-05,4.74896408074225e-05,5.819945337623041e-20,0.015923612,0.06261044,1.0,1.0
118,0.0003743828402671403,0.019941881985189463,0.017869757722475205,0.0013320906470925611,0.014060789363073818,6.030308293356716e-10,0.006577114037160451,0.006556346318878544,1.972597142412269e-05,0.00010904685647498506,8.670792783424412e-32,0.015327411,0.08173768,1.0,1.0
119,0.0003668994025105814,0.019728382215342302,0.01848212518069866,0.0004330624886703984,0.010297256788063836,6.488268375402428e-10,0.002883383841738881,0.0028620719507064982,2.1836585544103095e-05,0.00010393684709318526,6.595682585167074e-11,0.013173465,0.05386414,1.0,1.0
120,0.00035945003901000945,0.012864355404902059,0.010885425974159453,0.0006754232892463554,0.016412180955912646,1.3188352799554618e-10,0.00278923426521942,0.0027699897220979136,2.2914118320234898e-05,7.787497809961982e-05,4.021462244954744e-12,0.017442673,0.05273705,1.0,1.0
121,0.00035203658778440103,0.02122092944672705,0.01834406185662374,0.0004648595185125135,0.026444369530429328,6.812045943536182e-09,0.0023121260319991658,0.0022881207177609516,2.7395831981872713e-05,0.00010307392761509012,2.7569262511589984e-21,0.013522515,0.04775825,1.0,1.0
122,0.0003446608779919159,0.014257388329430803,0.012676708574660028,6.714477954484628e-05,0.015471071295905858,1.915365675824161e-09,0.0034269012122725446,0.0034110874684605127,1.939518938343099e-05,6.116181090571141e-05,2.041752359615778e-13,0.0163693,0.05887359,1.0,1.0
123,0.00033732472947858063,0.014440220479860249,0.013014534353423035,7.350610149032481e-05,0.013889333197760334,3.805033173722296e-12,0.005984272346055756,0.005954441381133316,5.016503108284572e-05,4.748673654830782e-05,2.868030473427439e-13,0.013841437,0.07796536,1.0,1.0
124,0.00033002995232926766,0.027289851145890207,0.025215596956945276,8.357049986722422e-05,0.020324684505734974,8.348651823964407e-12,0.005221442001735947,0.00518905979503567,5.1679060955696814e-05,6.542647758275658e-05,1.4200369836472073e-22,0.015763922,0.07276137,1.0,1.0
125,0.0003227783464210844,0.017579622045805147,0.015164551780606708,6.143596664826933e-05,0.02384352348668392,2.9329664254336237e-12,0.005473734773113392,0.005455027145702237,1.7381527338026597e-05,0.00010016971679457734,2.0961975254261783e-16,0.016851699,0.07451101,1.0,1.0
126,0.00031557170097928054,0.027504774198627752,0.02349414157020064,9.350837638315827e-05,0.039638781068841486,1.87925161660224e-10,0.007183763825256998,0.007164008312975057,2.3697876539093462e-05,7.906539085524855e-05,2.4055744532115227e-19,0.013668335,0.085494965,1.0,1.0
127,0.0003084117941357834,0.02109332178527299,0.01878316164905559,0.0001122827240353058,0.022540184201835824,5.0793393934581935e-09,0.006455203942217243,0.006420523172225027,5.502066608945218e-05,7.170293635378281e-05,3.340188925737374e-20,0.015002488,0.08072953,1.0,1.0
128,0.00030130039249047106,0.01850338910670652,0.015722243299276097,9.748465268506544e-05,0.0273240342424812,2.0463306730122834e-11,0.003844195095007308,0.003830549890214267,1.3868464213828701e-05,6.710973921144613e-05,2.753442640438114e-16,0.016945388,0.06243864,1.0,1.0
129,0.00029423925067528897,0.019413254467003985,0.01812478141046816,9.605718404779582e-05,0.012404445384694502,3.996665952570795e-12,0.006285114116811504,0.006269524380331859,1.930622197505727e-05,5.936798782689341e-05,6.920498277939798e-15,0.02368876,0.07974187,1.0,1.0
130,0.0002872301109213219,0.013204978887301048,0.011425348458451348,4.083426786757335e-05,0.017592133516760162,9.249100734894944e-11,0.007903025793105674,0.007889039268290314,1.720825436374677e-05,5.382236516500901e-05,9.302015697066044e-12,0.022589227,0.089757346,1.0,1.0
131,0.0002802747026289243,0.016667602122778305,0.014850578070312303,0.000245896894125342,0.016940751930454027,2.924476628927527e-09,0.005287927676787755,0.004944491234588592,0.000670444769821188,8.21411000591373e-05,1.0893025270951575e-12,0.01713922,0.070989475,0.9994665244065084,0.9995267392333176
132,0.00027337474194101617,0.014307255572027588,0.012559619103813285,7.707834532143983e-05,0.01709097324862879,1.6841902896053657e-11,0.00803760071527601,0.00802389710782639,1.9366785916948478e-05,4.020266320973557e-05,2.780447104426007e-13,0.016895829,0.09057416,1.0,1.0
133,0.00026653193131965077,0.01323797090283262,0.011848669244447234,3.947629600084161e-05,0.013695634106797826,1.0551255639647306e-09,0.00426065425563138,0.004248212127519461,1.5779260021038984e-05,4.552514401439112e-05,7.628073271244746e-14,0.014465808,0.06581531,1.0,1.0
134,0.00025974795912595813,0.01539984796757905,0.013966338755307978,0.0005098975328169848,0.011785602857729243,3.31864383845195e-10,0.0059293403144693,0.0059188792220084,1.0400396248163208e-05,5.260873585939407e-05,1.1646314876568724e-16,0.015680233,0.077749476,1.0,1.0
135,0.0002530244992035661,0.01784766542348827,0.016499288834123296,5.560300344629209e-05,0.013205746553088777,6.53520971246573e-12,0.0032192516557794687,0.0032037510851902575,1.6044863635518898e-05,7.478090525789108e-05,3.3140684523368153e-14,0.013159975,0.057082664,1.0,1.0
136,0.00024636321046560527,0.01658986090409678,0.014404849461568723,4.615016701545689e-05,0.02161936340050561,1.0729110854632483e-10,0.002208341063427118,0.002195290880141935,1.0447244441517493e-05,7.826557442361567e-05,1.0180313302191131e-11,0.011800738,0.047156658,1.0,1.0
137,0.00023976573648539645,0.012458897720900005,0.010742389645221827,2.8107533532493373e-05,0.017024543178420733,1.5815172097667242e-11,0.003235045731222878,0.0032252903513532755,9.692550543149992e-06,4.909095071828536e-05,4.2275564839577896e-15,0.015416725,0.05730718,1.0,1.0
138,0.00023323370509092462,0.012666410126470124,0.01057713631439417,2.1021114906259913e-05,0.02078763301480888,8.193114551316987e-11,0.004759606997443673,0.004748912824046177,1.1287524610755403e-05,5.050431912726102e-05,6.613478125665291e-14,0.015425522,0.069502644,1.0,1.0
139,0.00022676872796319523,0.012953988119431289,0.011316342173733946,4.11035496481617e-05,0.016170941098753777,2.0466071245413396e-10,0.003472273659038668,0.0034622100477766557,9.698372897067506e-06,5.214439884184685e-05,2.423213649775773e-12,0.015794087,0.05923777,1.0,1.0
140,0.00022037240023857702,0.01788322597888237,0.01642688974248667,0.0002594835766807339,0.013265945645725613,4.4781337665983e-10,0.0038271382751797014,0.0038083557500309933,1.9032175183989846e-05,9.266364995710318e-05,2.8160394645491314e-12,0.013101449,0.062215757,1.0,1.0
141,0.00021404630011522577,0.014305573183682876,0.012139704252634007,0.00017437167302488928,0.020786830137210156,2.544829075349526e-11,0.006705436720706833,0.006491691878181882,0.00041831123032807225,4.58921673422689e-05,3.768013363600004e-12,0.013747653,0.08141087,0.9997332622032542,0.9997633136094675
142,0.00020779198846368737,0.01996911547221515,0.01701089027095552,0.00023845864605749885,0.028389962802829738,1.0587408287929344e-10,0.011916794199108457,0.011898787317719931,2.458704399638615e-05,5.713441566210046e-05,4.4117179997702e-15,0.026484083,0.11019268,1.0,1.0
143,0.0002016110084417765,0.010071521483227461,0.00875020278706963,0.0003310037527443701,0.011558167463471011,6.944107107305514e-12,0.004685375706564325,0.0035659746523985327,0.0022306351778600703,4.0834381419093306e-05,2.972305139294739e-17,0.017307736,0.060300402,0.9991997866097626,0.9992902767920511
144,0.00019550488511382584,0.01247078343549485,0.011274337157799122,0.0004943425368263802,0.009492749937369835,7.1732622226178e-10,0.004526000022694158,0.004516307744779624,1.1218856942226315e-05,4.0827914199326186e-05,3.494349825975354e-18,0.017463654,0.06786961,1.0,1.0
145,0.00018947512507439847,0.024986287929248542,0.022817858701519138,0.000348358602336802,0.019942496786400487,9.321201340411922e-15,0.011636127035308164,0.011601050109796536,6.434797101064759e-05,2.903037945240309e-05,4.310049681334328e-19,0.018605262,0.108951986,1.0,1.0
146,0.00018352321607655904,0.01615166245899367,0.013544042114198997,0.0006722813949035677,0.02271479739570467,1.7257442487180818e-14,0.004297312274866271,0.004179536856827326,0.00022981106135754696,2.8699870154014206e-05,1.850549979347766e-18,0.013362942,0.06525709,1.0,1.0
147,0.0001776506266647923,0.01544547424142684,0.013376061715156751,0.00017598098888413046,0.019814220402197723,3.5442992553144334e-15,0.004580138537858147,0.004555988312737706,4.013811713624212e-05,4.081273794630154e-05,4.268819570386664e-21,0.015297571,0.06818755,1.0,1.0
148,0.00017185880581266206,0.011936841599718008,0.010341122708653854,3.325493735346289e-05,0.01579091388432234,1.3772859011162064e-13,0.0052236613759305325,0.005210322136311636,1.185394579200268e-05,7.412215938226533e-05,4.0151901618239934e-22,0.014147209,0.07288051,1.0,1.0
149,0.000166149182565299,0.017974261126062922,0.015322886723481173,0.0003739664817246599,0.02464391439910944,7.958484448634273e-10,0.004411279496950252,0.004400408185514001,1.1645849364564734e-05,5.048420722838879e-05,9.856031501489955e-12,0.015835173,0.06695938,1.0,1.0
150,0.00016052316568680435,0.014049501903737507,0.012428186667732976,3.104231476767926e-05,0.016057938246828007,1.17386542602025e-12,0.004120488614717033,0.004108929567640492,1.4869482667260551e-05,4.1242609919815244e-05,2.914760729916245e-20,0.011988535,0.06474842,1.0,1.0
151,0.00015498214331265893,0.012502226031497529,0.011013513915839835,0.0001048894850445833,0.01436267461989714,2.0556783269672318e-13,0.004133422253168343,0.004117103451183842,1.323286642976503e-05,9.70242140586682e-05,2.494109658684013e-17,0.012698545,0.06469915,1.0,1.0
152,0.0001495274826072215,0.009105676049655507,0.008222989577810232,8.161349302617367e-05,0.00841879657976139,9.592226197733629e-13,0.003679477891031032,0.003668141217591862,1.3728938771843483e-05,4.472197348756405e-05,1.7067813510739176e-18,0.012014222,0.06106809,1.0,1.0
153,0.00014416052942640132,0.013826611353234,0.012661203915800518,3.2906305778207726e-05,0.011489540874069204,7.728693839447649e-13,0.005525740667265685,0.0055161376728695664,8.334322770527553e-06,5.435886680515978e-05,1.1144469099271654e-22,0.012942309,0.07506415,1.0,1.0
154,0.0001388826079855881,0.011304576714467053,0.010090091093664268,3.1764383860067636e-05,0.011986035347175206,4.861412202881597e-13,0.002291723287877782,0.0022825321405737973,8.124682748681759e-06,5.1287871171249816e-05,7.764556328525632e-15,0.012739174,0.04817755,1.0,1.0
155,0.00013369502053292245,0.012079041231131304,0.010576497699026985,2.97640329163386e-05,0.014876581743966284,3.23701585639986e-08,0.003765381608294168,0.003757057403951573,8.59061896486916e-06,4.028874494300301e-05,5.001358318877455e-18,0.012699439,0.061917406,1.0,1.0
156,0.00012859904702798464,0.012867652236468696,0.010820170569600687,2.781705804249957e-05,0.020335730160038448,2.0093557320603735e-11,0.004991094176269447,0.004981427757108274,1.0267193397339725e-05,4.532972646605534e-05,8.49177219474876e-28,0.013745363,0.07119244,1.0,1.0
157,0.00012359594482598432,0.011375130330514923,0.009471235716508116,3.267945383572789e-05,0.018875548481791668,9.169052869890299e-13,0.0042487644648645075,0.004238514514630272,1.0579000593224918e-05,4.9604946707404454e-05,1.8852168988071882e-25,0.012411375,0.06577772,1.0,1.0
158,0.00011868694836752681,0.008855495058904218,0.0076922512522738865,3.036149717837049e-05,0.011480631533862315,4.1075867462386213e-13,0.004505500110584156,0.004496243475781133,8.729667471622331e-06,4.891780383028769e-05,2.6268665303512994e-29,0.011704044,0.06770162,1.0,1.0
159,0.0001138732688740332,0.012194664337133553,0.01112708917085632,3.2237520906702446e-05,0.010514564049323124,2.2085198329656403e-13,0.0029262025896362805,0.002916850705029598,6.737450606427349e-06,5.983163873679587e-05,6.906659027230135e-20,0.013364321,0.05449507,1.0,1.0
160,0.00010915609404889012,0.011591026225096689,0.010206448043829143,5.297504473647498e-05,0.013580906414766761,5.51332239857608e-12,0.0043172223653527905,0.004308932800389205,7.774731106261849e-06,4.4022086512995884e-05,9.80847338751791e-14,0.011842812,0.06632488,1.0,1.0
161,0.00010453658778440103,0.010423229611308796,0.009326420887968211,0.00033867244080091333,0.009274724787538768,4.58155786260948e-13,0.0037283393229396704,0.003718066324654501,1.086245329133817e-05,4.841799638294712e-05,7.182188645537565e-15,0.012097355,0.06156807,1.0,1.0
162,0.00010001588987461343,0.012428428290282668,0.010469503955232374,8.320367508856783e-05,0.019173225957048838,2.0005447936487572e-14,0.003954934784026894,0.003944978823225634,1.162422499874083e-05,4.14386290155259e-05,4.8614535492481015e-27,0.013338467,0.063463844,1.0,1.0
163,9.559511573409192e-05,0.013540218076303288,0.011525455613732746,8.798454780472858e-05,0.019707702530355083,1.052985600059017e-14,0.0029811878070177046,0.00296854400318504,1.5209333313729683e-05,5.039151609101585e-05,2.235302844087983e-22,0.01165427,0.05501343,1.0,1.0
164,9.12753561227063e-05,0.012017646924478688,0.010469874707866379,3.175312854281846e-05,0.015318956410930404,1.399490771108644e-15,0.006656129982729908,0.006643398442247417,1.375842817499991e-05,5.852269543235404e-05,8.664702150026561e-20,0.01323434,0.08230715,1.0,1.0
165,8.705767687650262e-05,0.01004626890487228,0.009087806919982221,0.00011195390486939879,0.00902485026532689,4.110440415357972e-16,0.004669856818509288,0.004658275027759373,1.2396287782697376e-05,5.383813430247149e-05,1.237198279985601e-17,0.012164282,0.06894096,1.0,1.0
166,8.294311864472445e-05,0.011225271241163263,0.009554983811141978,6.396474152535804e-05,0.016383050397730154,1.3820982838587347e-14,0.0031881243325187826,0.003178746382521543,1.1261626051843146e-05,3.7471313362402725e-05,1.6739269196453875e-20,0.011640538,0.056959033,1.0,1.0
167,7.89326966330478e-05,0.010358511890245628,0.009104535903910815,2.9801434279396327e-05,0.012390752079944214,1.8722328435550615e-14,0.003936376918621439,0.003927175669135371,1.2017856693091745e-05,3.192207726290993e-05,1.0834155456051134e-35,0.012099705,0.063341595,1.0,1.0
168,7.502740035309526e-05,0.0111190819620821,0.00984818873655928,0.00015204044833257431,0.011948731543290613,7.245719956893693e-13,0.0029030368396585496,0.0028928563614802746,1.3821575347113443e-05,3.269717737263515e-05,1.0514276793405627e-33,0.010841658,0.054290455,1.0,1.0
169,7.12281933782875e-05,0.009387572176361892,0.008161745404647867,3.893787565852586e-05,0.012063577507765297,5.93591902236265e-14,0.006861371108971071,0.006850680087275881,1.316695415880531e-05,4.1076241723203565e-05,2.5335672661819738e-26,0.012651545,0.08369253,1.0,1.0
170,6.75360131060967e-05,0.016146109778587842,0.0146400790174456,2.8846130047245126e-05,0.014916076745717263,2.017883347839494e-14,0.004861652570252772,0.004851928869417558,1.2473687676598881e-05,3.486890433729665e-05,1.4932563405486927e-41,0.011499012,0.070376225,1.0,1.0
171,6.395177052675792e-05,0.01020735360399045,0.008991944582590724,0.00015204511937288797,0.011393865487363231,5.486506974138147e-16,0.005491793163916251,0.005473319268397366,2.9109600662498756e-05,3.919187112539172e-05,3.578201615668777e-40,0.012963766,0.07479407,1.0,1.0
172,6.047634999849528e-05,0.01123526407597777,0.00993294983313684,5.948125408726777e-05,0.012725733892939455,4.764099110305278e-15,0.003960707631146458,0.003950562888106409,1.2941545279924565e-05,3.6739716658000056e-05,1.576378686830835e-16,0.011156104,0.063523844,1.0,1.0
173,5.711060902932039e-05,0.007727163576565166,0.006619659527995195,5.6407840948007096e-05,0.01079300103006361,3.451613290980188e-15,0.004938010542537086,0.004930032810079865,9.425568089227454e-06,3.2650268023341294e-05,7.161335801931978e-42,0.01246558,0.07098549,1.0,1.0
174,5.385537806545467e-05,0.0074773290630916036,0.006469588383886093,3.287828320915744e-05,0.00991301525836253,7.349500322848018e-12,0.0033646359481887583,0.003357399354960459,8.541364138636709e-06,2.965852975952051e-05,1.1194198046340703e-40,0.012715786,0.058545865,1.0,1.0
175,5.0711460286429424e-05,0.009185990755213425,0.008104957466185378,3.869200862319456e-05,0.010616873269033938,8.513112866774742e-18,0.003749769717736247,0.0037420188935357148,9.086804167660982e-06,3.207334724114238e-05,8.00500182827934e-31,0.011288537,0.061818883,1.0,1.0
176,4.767963140691315e-05,0.013213034259940559,0.011382608641326482,4.1763167857000414e-05,0.018095439701340244,6.160679141352246e-21,0.003322883084183559,0.003315481850101302,8.559795048768137e-06,3.1213357700229e-05,3.9531484207222214e-36,0.01183525,0.058186095,1.0,1.0
177,4.4760639485315563e-05,0.011088121013229807,0.009559697502362371,0.0001386542302362036,0.014590963739013795,1.6107030498934122e-18,0.003152714575844584,0.0031452195883806175,9.027000798293254e-06,2.9815242275314328e-05,0.0,0.012058395,0.056665663,1.0,1.0
178,4.195520473921563e-05,0.007571823789184084,0.006705648728891065,0.00011959438813763662,0.00806377843352898,3.9025250186988147e-20,0.0038474733320375282,0.003839517904270906,8.509347791611314e-06,3.700670060122017e-05,2.4287749974472584e-25,0.010995884,0.06260849,1.0,1.0
179,3.9264019367658385e-05,0.01446332037767538,0.012908140557688953,5.462317501812063e-05,0.015278683630447923,5.527694350518617e-22,0.004066616081399843,0.004058632295103355,9.124586010026784e-06,3.421412216084718e-05,0.0,0.011149132,0.06439212,1.0,1.0
180,3.6687747380365064e-05,0.01343704586853715,0.010821451109036952,4.4764458804960014e-05,0.02593212588295089,8.003945920680925e-24,0.004607912205149963,0.004600812066685952,8.275345976471726e-06,2.962432767314264e-05,0.0,0.012371286,0.06857508,1.0,1.0
181,3.422702443389899e-05,0.010309401516977656,0.009264855428061781,2.662232831937257e-05,0.01031234819377453,1.733115696494536e-27,0.0032785212349457043,0.0032707297049152356,8.657290686642228e-06,3.4629815687973556e-05,7.015171030113137e-41,0.01057003,0.057750482,1.0,1.0
182,3.188245767482658e-05,0.008199705579148156,0.0068511845236797105,3.066788316619836e-05,0.0133318715845872,6.046674472753194e-42,0.004537973675420896,0.004530208401653605,8.667734270299358e-06,3.4313611483109226e-05,0.0,0.012528541,0.06803668,1.0,1.0
183,2.965462558991323e-05,0.007924871237729302,0.00668483527749437,2.4117620861186772e-05,0.012279771681557186,0.0,0.004248528187114668,0.004241252391026743,8.532780831653024e-06,3.0094022243550474e-05,0.0,0.011052018,0.06583605,1.0,1.0
184,2.7544077863390004e-05,0.007508479893831264,0.006487709912598935,2.579985445736649e-05,0.010078700640014489,0.0,0.00456887397619236,0.004561842376521478,8.376324702415635e-06,2.8434160852460386e-05,0.0,0.011337568,0.06828142,1.0,1.0
185,2.5551335241327672e-05,0.009020184083135601,0.007594660480347816,2.8835531464834395e-05,0.014111058558885477,0.0,0.00482523501268588,0.004818217919576758,8.37657155443594e-06,2.8288166504353285e-05,0.0,0.011320852,0.07017834,1.0,1.0
186,2.367688940315011e-05,0.012269905364280227,0.010580017360778743,2.357165022578928e-05,0.016781022741814505,0.0,0.0035329516972221124,0.003526410180590271,7.895102116132573e-06,2.5939767253172854e-05,0.0,0.011217878,0.060014945,1.0,1.0
187,2.1921202840320077e-05,0.007343434115802108,0.00620171831165318,1.7583052841559847e-05,0.011329242966416544,0.0,0.004248712948416748,0.004241932313743746,8.201168880835514e-06,2.680123610237691e-05,0.0,0.011092604,0.06583955,1.0,1.0
188,2.0284708742225903e-05,0.0064093014637490965,0.005480908377675584,2.179252240000302e-05,0.009174968593118263,0.0,0.0053298909287453474,0.005322919953565967,8.441411099132286e-06,2.750268008639978e-05,0.0,0.011906591,0.073777646,1.0,1.0
189,1.8767810889299086e-05,0.01025404351046241,0.00807706018993512,0.0004435323515573298,0.0195521718247141,0.0,0.0043743530116140995,0.004367372265793771,8.701572270789864e-06,2.6298972852600854e-05,0.0,0.011191428,0.06681154,1.0,1.0
190,1.7370883553386936e-05,0.011382820170515482,0.009683834312162465,2.2209651611097318e-05,0.016878809852110915,0.0,0.003481610823170437,0.003474641237213897,8.675375374878058e-06,2.631932829899597e-05,0.0,0.010849303,0.059549935,1.0,1.0
191,1.6094271405406862e-05,0.009025702209009646,0.007477395326777762,3.530869702590811e-05,0.015306526151771256,0.0,0.004060070996153324,0.004053087884676643,8.646070197452597e-06,2.6601656948817738e-05,0.0,0.011423553,0.06436195,1.0,1.0
192,1.4938289430304022e-05,0.008534777268595709,0.0077140245953724335,7.88552233444554e-05,0.007813249636920726,0.0,0.003574683719004194,0.003567558541059649,8.87067301391653e-06,2.689796670741392e-05,0.0,0.01080528,0.060365524,1.0,1.0
193,1.3903222849333509e-05,0.008617268275532422,0.007275391972316157,6.856884552510491e-05,0.01307591960272993,0.0,0.0033120424202934375,0.0033054908735114926,7.765665407077904e-06,2.6687412416019166e-05,0.0,0.010854949,0.05809957,1.0,1.0
194,1.2989327049686102e-05,0.013103620070912264,0.011725600389083915,3.5643533239476545e-05,0.013601977061917903,0.0,0.0033029965372406876,0.0032964382558323753,7.77013247746557e-06,2.673179790993648e-05,0.0,0.010661376,0.058006354,1.0,1.0
195,1.2196827521475404e-05,0.0099009612811403,0.008178135695192542,2.906665296878421e-05,0.017082922082873618,0.0,0.004005724632103617,0.003999155559237503,7.756914279373935e-06,2.6905752580811774e-05,0.0,0.010907411,0.06393408,1.0,1.0
196,1.152591980210166e-05,0.00694270741706884,0.00604177334870171,2.045988625249378e-05,0.00890704048391734,0.0,0.003548976846407944,0.0035424654750386255,7.683151003827031e-06,2.6697510065787355e-05,0.0,0.010904979,0.06015934,1.0,1.0
197,1.097676942800558e-05,0.01747122761601392,0.013996547346137613,4.211064528347903e-05,0.03453624297195135,0.0,0.004199782783689443,0.00419325495895464,7.759288253813186e-06,2.6482785809397077e-05,0.0,0.011240898,0.06546787,1.0,1.0
198,1.0549511893824899e-05,0.00761943188220616,0.006686752470444725,2.7079390963286894e-05,0.009191398297259788,0.0,0.004208373888589753,0.004201750174252084,7.773983475090062e-06,2.736686030857527e-05,0.0,0.011297141,0.065531224,1.0,1.0
199,1.0244252618962858e-05,0.00750028895459352,0.006316149048379752,3.104077572008105e-05,0.011686195066856411,0.0,0.0035294654914954054,0.0035229069835622795,7.68130333502389e-06,2.7178293263811306e-05,0.0,0.011086633,0.059986774,1.0,1.0
200,1.006106692157801e-05,0.014095963307539082,0.01203776891039511,2.4012640730761897e-05,0.020461878261102337,0.0,0.0033462719147792086,0.003339702233157974,7.788053464234205e-06,2.6755982162285363e-05,0.0,0.010868006,0.05840018,1.0,1.0
